Overall,Conservative,Liberal,Independent,Other,default
0.6375344986200552,0.7318361955085865,0.6227477477477478,0.5606060606060606,0.30303030303030304,0.0
