File Name,Overall,Conservative,Liberal,Independent,Other,default
result_data/original_prompt_result.csv,0.6375344986200552,0.7318361955085865,0.6227477477477478,0.5606060606060606,0.30303030303030304,0.0
result_data/participant_politics_result.csv,0.6369075011504832,0.7305151915455746,0.6223224351747464,0.5606060606060606,0.30303030303030304,0.0
result_data/article_source_result.csv,0.6373676944316613,0.7318361955085865,0.6223224351747464,0.5606060606060606,0.30303030303030304,0.0
