File Name,Overall,Conservative,Liberal,Independent,Other,default
result_data/gpt/v2/gpt_3.5_turbo/original_prompt_result.csv,0.5059797608095676,0.5112285336856011,0.481981981981982,0.5367965367965368,0.5454545454545454,1.0
result_data/gpt/v2/gpt_3.5_turbo/participant_politics_result.csv,0.5163368614818223,0.52443857331572,0.49379932356257045,0.5411255411255411,0.5454545454545454,1.0
result_data/gpt/v2/gpt_3.5_turbo/article_source_result.csv,0.4864242982052462,0.4610303830911493,0.47350620067643745,0.5346320346320347,0.6060606060606061,1.0
result_data/gpt/v2/gpt_3.5_turbo/all_result.csv,0.5287620800736309,0.52443857331572,0.5287485907553551,0.5346320346320347,0.5303030303030303,1.0
