File Name,Overall,Conservative,Liberal,Independent,Other
result_data/v4/original_prompt_result.csv,0.5259515570934256,0.5504587155963303,0.5258620689655172,0.45901639344262296,1.0
result_data/v4/participant_politics_result.csv,0.5393465255407272,0.560105680317041,0.5062006764374295,0.5865800865800865,0.4090909090909091
result_data/v4/article_source_result.csv,0.5227795674183157,0.523117569352708,0.496054114994363,0.5822510822510822,0.45454545454545453
result_data/v4/all_result.csv,0.5375057524160147,0.5482166446499339,0.5005636978579482,0.5974025974025974,0.48484848484848486
