File Name,Overall,Conservative,Liberal,Independent,Other,default
result_data/v2/original_prompt_result.csv,0.6044158233670653,0.6684280052840158,0.5822072072072072,0.577922077922078,0.36363636363636365,0.0
result_data/v2/participant_politics_result.csv,0.6074551311550851,0.6644649933949802,0.5817361894024803,0.5930735930735931,0.4090909090909091,0.0
result_data/v2/article_source_result.csv,0.5959502991256328,0.6605019815059445,0.5659526493799324,0.5822510822510822,0.36363636363636365,0.0
result_data/v2/all_result.csv,0.6000920386562356,0.6684280052840158,0.5704622322435174,0.5800865800865801,0.36363636363636365,0.0
