File Name,Overall,Conservative,Liberal,Independent,Other,default
result_data/gpt/v2/gpt_4/original_prompt_result.csv,0.40846366145354185,0.3487450462351387,0.4099099099099099,0.4675324675324675,0.6515151515151515,1.0
result_data/gpt/v2/gpt_4/participant_politics_result.csv,0.3966866083755177,0.3276089828269485,0.3968432919954904,0.47619047619047616,0.6212121212121212,1.0
result_data/gpt/v2/gpt_4/article_source_result.csv,0.3985273815002301,0.3236459709379128,0.40022547914317924,0.47835497835497837,0.6666666666666666,1.0
