File Name,Overall,Conservative,Liberal,Independent,Other
result_data/v3/original_prompt_result.csv,0.531738730450782,0.5442536327608983,0.5022522522522522,0.5844155844155844,0.4090909090909091
result_data/v3/participant_politics_result.csv,0.5356649792913023,0.5667107001321003,0.4983089064261556,0.5714285714285714,0.42424242424242425
result_data/v3/article_source_result.csv,0.4873446847676024,0.4715984147952444,0.4791431792559188,0.525974025974026,0.5
result_data/v3/all_result.csv,0.5273815002300967,0.5455746367239102,0.48703494926719276,0.577922077922078,0.5
