File Name,Overall,Conservative,Liberal,Independent,Other,default
result_data/original_prompt_result.csv,0.5869365225390984,0.6486129458388376,0.5596846846846847,0.5714285714285714,0.36363636363636365,0.0
result_data/participant_politics_result.csv,0.5982512655315232,0.6565389696169088,0.5760992108229989,0.5800865800865801,0.36363636363636365,0.0
result_data/article_source_result.csv,0.6106764841233318,0.6829590488771466,0.5839909808342728,0.577922077922078,0.3787878787878788,0.0
result_data/all_result.csv,0.6092959042797975,0.6750330250990753,0.588500563697858,0.577922077922078,0.36363636363636365,0.0
